"Name","Price","Year","Mileage","Fuel","Transmission","Source"
"Ford Fiesta",7763,"2016",34189,"Petrol","Manual","TheAA"
"Ford EcoSport",7812,"2017",36780,"Petrol","Manual","TheAA"
"Audi A1",8864,"2017",83496,"Diesel","Manual","TheAA"
"Nissan Micra",9239,"2018",29463,"Petrol","Manual","TheAA"
"Renault Captur",9312,"2019",42163,"Petrol","Manual","TheAA"
"Fiat 500",10143,"2021",20115,"Petrol","Manual","TheAA"
"SEAT Arona",11253,"2018",28550,"Petrol","Manual","TheAA"
"Ford Focus",11404,"2018",28983,"Petrol","Manual","TheAA"
"Ford Focus",13564,"2020",24882,"Petrol","Manual","TheAA"
"Ford Fiesta",13673,"2021",4774,"Petrol","Manual","TheAA"
"Ford Transit",14000,"2021",55100,"Diesel","Manual","TheAA"
"Ford Transit Connect",14000,"2019",24406,"Diesel","Manual","TheAA"
"Hyundai i20",14115,"2023",7040,"Petrol","Manual","TheAA"
"Renault Captur",14283,"2023",27422,"Petrol","Manual","TheAA"
"Hyundai KONA",14640,"2023",18901,"Petrol","Manual","TheAA"
"Citroen C3",14901,"2024",12413,"Petrol","Automatic","TheAA"
"Ford Fiesta",15184,"2022",12520,"Petrol","Manual","TheAA"
"Volkswagen T-Cross",15205,"2021",24551,"Petrol","Manual","TheAA"
"Volkswagen Polo",15523,"2021",25230,"Petrol","Manual","TheAA"
"Kia Ceed",15704,"2023",25759,"Petrol","Manual","TheAA"
"Skoda Fabia",22495,"2024",1831,"Petrol","Semiauto","TheAA"
"Skoda Kamiq",22695,"2024",1724,"Petrol","Semiauto","TheAA"
"Skoda Kamiq",22995,"2024",3000,"Petrol","Semiauto","TheAA"
"Skoda Karoq",23295,"2023",21000,"Petrol","Automatic","TheAA"
"Skoda Octavia",23495,"2024",12,"Petrol","Manual","TheAA"
"Skoda Octavia",23995,"2024",12,"Petrol","Manual","TheAA"
"Skoda Octavia",23995,"2024",9,"Petrol","Manual","TheAA"
"Skoda Octavia Estate",23995,"2023",15190,"Diesel","Semiauto","TheAA"
"Skoda Karoq",23995,"2024",4000,"Petrol","Manual","TheAA"
"Skoda Kodiaq",23995,"2019",57265,"Diesel","Automatic","TheAA"
"Skoda Karoq",25495,"2024",5543,"Petrol","Automatic","TheAA"
"Skoda Karoq",25895,"2024",3542,"Petrol","Manual","TheAA"
"Skoda Superb",25995,"2024",7885,"Petrol","Semiauto","TheAA"
"Skoda Superb",26495,"2024",10321,"Petrol","Semiauto","TheAA"
"Skoda Enyaq",26795,"2024",839,"Electric","Automatic","TheAA"
"Skoda Karoq",26995,"2024",5540,"Petrol","Automatic","TheAA"
"Skoda Karoq",26995,"2024",3936,"Petrol","Automatic","TheAA"
"Skoda Superb Estate",30995,"2024",244,"Diesel","Semiauto","TheAA"
"Skoda Kodiaq",33995,"2024",5525,"Hybrid","Automatic","TheAA"
"Skoda Kodiaq",36995,"2024",5263,"Diesel","Automatic","TheAA"
"Mercedes-Benz CLA Shooting Brake",22490,"2021",27525,"Petrol","Semiauto","TheAA"
"Audi A4",22610,"2022",28101,"Diesel","Semiauto","TheAA"
"Mercedes-Benz A-Class",22650,"2022",18254,"Petrol","Semiauto","TheAA"
"Audi A5 Sportback",23860,"2021",36694,"Diesel","Semiauto","TheAA"
"Mercedes-Benz EQC",23960,"2020",38498,"Electric","Automatic","TheAA"
"Mercedes-Benz A-Class",24590,"2021",15875,"Petrol","Semiauto","TheAA"
"Mercedes-Benz A-Class",24880,"2022",17998,"Petrol","Semiauto","TheAA"
"Mercedes-Benz GLC",25090,"2019",54000,"Diesel","Semiauto","TheAA"
"Mercedes-Benz A-Class",27090,"2024",7479,"Hybrid","Semiauto","TheAA"
"Mercedes-Benz A-Class",27500,"2023",6974,"Diesel","Semiauto","TheAA"
"Volkswagen T-Roc",27570,"2024",3496,"Petrol","Semiauto","TheAA"
"Mercedes-Benz A-Class Saloon",27650,"2024",3710,"Hybrid","Semiauto","TheAA"
"Mercedes-Benz CLA",28600,"2023",14422,"Diesel","Semiauto","TheAA"
"Mercedes-Benz A-Class",28770,"2024",4695,"Hybrid","Semiauto","TheAA"
"Mercedes-Benz CLA Class",29520,"2021",48755,"Petrol","Semiauto","TheAA"
"Mercedes-Benz A-Class",30330,"2024",4957,"Hybrid","Semiauto","TheAA"
"Mercedes-Benz GLC",30680,"2022",47047,"Hybrid","Semiauto","TheAA"
"Mercedes-Benz GLB",31270,"2022",9857,"Petrol","Semiauto","TheAA"
"Mercedes-Benz A-Class",31290,"2024",2527,"Diesel","Semiauto","TheAA"
"Mercedes-Benz CLA Shooting Brake",31490,"2023",11022,"Diesel","Semiauto","TheAA"
"Mercedes-Benz B-Class",31600,"2024",3319,"Hybrid","Semiauto","TheAA"
"Mercedes-Benz A-Class",31610,"2024",3092,"Hybrid","Semiauto","TheAA"
"Audi Q5 Sportback",32390,"2022",32060,"Petrol","Semiauto","TheAA"
"BMW X1",32770,"2023",14391,"Diesel","Semiauto","TheAA"
"Mercedes-Benz GLA",33850,"2024",10994,"Diesel","Semiauto","TheAA"
"Mercedes-Benz CLA",35740,"2024",7007,"Diesel","Semiauto","TheAA"
"Mercedes-Benz EQB",36440,"2024",5495,"Electric","Automatic","TheAA"
"Mercedes-Benz EQB",36500,"2024",4384,"Electric","Automatic","TheAA"
"Mercedes-Benz EQB",36740,"2024",3681,"Electric","Automatic","TheAA"
"Mercedes-Benz EQB",36900,"2024",2822,"Electric","Automatic","TheAA"
"Mercedes-Benz CLA Shooting Brake",38750,"2024",9320,"Petrol","Semiauto","TheAA"
"Mercedes-Benz GLA",41450,"2024",4045,"Diesel","Semiauto","TheAA"
"Mercedes-Benz GLB",41860,"2024",3958,"Hybrid","Semiauto","TheAA"
"Mercedes-Benz GLA",43470,"2024",2765,"Hybrid","Semiauto","TheAA"
"Mercedes-Benz GLC",47820,"2024",4453,"Hybrid","Semiauto","TheAA"
"Mercedes-Benz A-Class",48070,"2023",18788,"Petrol","Semiauto","TheAA"
"Mercedes-Benz CLA",50340,"2023",9133,"Petrol","Semiauto","TheAA"
"Mercedes-Benz CLA",55200,"2024",3475,"Petrol","Semiauto","TheAA"
"Mercedes-Benz GLS",71350,"2023",19344,"Diesel","Semiauto","TheAA"
"Mercedes-Benz GLE",72040,"2024",4168,"Diesel","Semiauto","TheAA"
"Mercedes-Benz GLE",72300,"2023",9076,"Hybrid","Semiauto","TheAA"
"Mercedes-Benz GLS",72830,"2023",14592,"Diesel","Semiauto","TheAA"
"Mercedes-Benz V-Class",79980,"2024",4345,"Diesel","Semiauto","TheAA"
"Mercedes-Benz SL-Class",98060,"2024",3345,"Petrol","Semiauto","TheAA"
"Mercedes-Benz GLE",106810,"2024",1978,"Hybrid","Semiauto","TheAA"
"Mercedes-Benz AMG GT 4-Door",127981,"2024",7774,"Petrol","Semiauto","TheAA"
"Mercedes-Benz G-Class",153540,"2024",4418,"Hybrid","Semiauto","TheAA"
"Ford Fiesta",7763,"2016",34189,"Petrol","Manual","TheAA"
"Ford EcoSport",7812,"2017",36780,"Petrol","Manual","TheAA"
"Audi A1",8864,"2017",83496,"Diesel","Manual","TheAA"
"Nissan Micra",9239,"2018",29463,"Petrol","Manual","TheAA"
"Renault Captur",9312,"2019",42163,"Petrol","Manual","TheAA"
"Fiat 500",10143,"2021",20115,"Petrol","Manual","TheAA"
"SEAT Arona",11253,"2018",28550,"Petrol","Manual","TheAA"
"Ford Focus",11404,"2018",28983,"Petrol","Manual","TheAA"
"Ford Focus",13564,"2020",24882,"Petrol","Manual","TheAA"
"Ford Fiesta",13673,"2021",4774,"Petrol","Manual","TheAA"
"Ford Transit",14000,"2021",55100,"Diesel","Manual","TheAA"
"Ford Transit Connect",14000,"2019",24406,"Diesel","Manual","TheAA"
"Hyundai i20",14115,"2023",7040,"Petrol","Manual","TheAA"
"Renault Captur",14283,"2023",27422,"Petrol","Manual","TheAA"
"Hyundai KONA",14640,"2023",18901,"Petrol","Manual","TheAA"
"Citroen C3",14901,"2024",12413,"Petrol","Automatic","TheAA"
"Ford Fiesta",15184,"2022",12520,"Petrol","Manual","TheAA"
"Volkswagen T-Cross",15205,"2021",24551,"Petrol","Manual","TheAA"
"Volkswagen Polo",15523,"2021",25230,"Petrol","Manual","TheAA"
"Kia Ceed",15704,"2023",25759,"Petrol","Manual","TheAA"
"Ford Puma",15971,"2023",21684,"Petrol","Manual","TheAA"
"Ford Kuga",15995,"2019",42408,"Diesel","Manual","TheAA"
"Kia Niro",16435,"2022",56201,"Hybrid","Automatic","TheAA"
"Ford Transit Custom",16500,"2021",35824,"Diesel","Manual","TheAA"
"Peugeot Partner",16750,"2024",201,"Diesel","Manual","TheAA"
"BMW 1 Series",16941,"2020",17637,"Petrol","Manual","TheAA"
"Ford Puma",16964,"2023",17490,"Petrol","Manual","TheAA"
"Ford Transit Custom",17000,"2021",21026,"Diesel","Manual","TheAA"
"Kia Xceed",17216,"2023",25458,"Petrol","Manual","TheAA"
"Ford Focus",17299,"2022",16874,"Petrol","Manual","TheAA"
"Kia Pro Ceed",17437,"2023",25106,"Petrol","Manual","TheAA"
"Ford Transit",17500,"2021",11968,"Diesel","Manual","TheAA"
"Renault Clio",17568,"2023",19102,"Hybrid","Automatic","TheAA"
"Ford Galaxy",17641,"2021",55518,"Diesel","Automatic","TheAA"
"Ford Focus",17653,"2023",6960,"Petrol","Manual","TheAA"
"Volkswagen T-Roc",17927,"2022",31186,"Petrol","Manual","TheAA"
"Ford Transit Custom",18000,"2021",46003,"Diesel","Automatic","TheAA"
"Ford Focus",18085,"2022",16301,"Petrol","Manual","TheAA"
"Peugeot 2008",18144,"2023",21734,"Petrol","Automatic","TheAA"
"Skoda Kamiq",18174,"2023",33861,"Petrol","Automatic","TheAA"
"Ford Transit",18500,"2021",23454,"Diesel","Manual","TheAA"
"MG HS",18547,"2023",20027,"Petrol/plugin elec h","Automatic","TheAA"
"Ford Transit Custom",19000,"2021",67625,"Diesel","Automatic","TheAA"
"Mazda CX-5",19954,"2022",25760,"Petrol","Manual","TheAA"
"Ford Focus",20433,"2023",6631,"Petrol","Automatic","TheAA"
"Toyota RAV4",22150,"2021",44600,"Hybrid","Automatic","TheAA"
"Ford Ranger",23500,"2022",29000,"Diesel","Automatic","TheAA"
"Ford Tourneo Custom",23500,"2020",52743,"Diesel","Automatic","TheAA"
"Nissan Qashqai",24330,"2023",22483,"Hybrid","Automatic","TheAA"
"Ford Transit",24500,"2024",234,"Diesel","Manual","TheAA"
"Ford Puma",24696,"2024",2178,"Petrol","Automatic","TheAA"
"Ford Puma",24696,"2024",2928,"Petrol","Automatic","TheAA"
"Ford Puma",24696,"2024",2127,"Petrol","Automatic","TheAA"
"Ford Transit Custom",24750,"2024",15765,"Diesel","Manual","TheAA"
"Ford Transit Custom",26500,"2022",24546,"Diesel","Automatic","TheAA"
"Audi Q3",27415,"2020",19202,"Petrol","Automatic","TheAA"
"Ford Transit Custom",27500,"2021",32164,"Diesel","Manual","TheAA"
"Ford Transit Custom",29000,"2024",2747,"Diesel","Automatic","TheAA"
"Ford Transit Custom",29000,"2024",3346,"Diesel","Automatic","TheAA"
"Ford Transit",29000,"2024",7085,"Diesel","Manual","TheAA"
"Ford Transit",29000,"2024",6267,"Diesel","Manual","TheAA"
"Ford Transit Custom",29000,"2024",1630,"Electric","Automatic","TheAA"
"Ford Transit Custom",31000,"2023",25000,"Diesel","Automatic","TheAA"
"Ford Transit",32000,"2024",3696,"Diesel","Automatic","TheAA"
"Ford Transit Custom",32500,"2024",2729,"Diesel","Automatic","TheAA"
"Ford Transit Custom",33000,"2024",5494,"Diesel","Automatic","TheAA"
"Ford Explorer",35724,"2024",1357,"Electric","Automatic","TheAA"
"Ford Ranger",38000,"2023",22000,"Diesel","Automatic","TheAA"
"Ford Ranger",38500,"2024",10961,"Diesel","Automatic","TheAA"
"Ford Capri",39396,"2024",745,"Electric","Automatic","TheAA"
"Ford Capri",42382,"2024",387,"Electric","Automatic","TheAA"
"Audi Q3",13950,"2018",66313,"Diesel","Manual","TheAA"
"Audi Q2",15082,"2018",53531,"Petrol","Automatic","TheAA"
"Audi Q2",16500,"2022",37688,"Petrol","Manual","TheAA"
"Audi Q5",17250,"2017",96819,"Diesel","Automatic","TheAA"
"Audi A5",18379,"2019",63534,"Petrol","Automatic","TheAA"
"Audi A1",18889,"2022",6349,"Petrol","Manual","TheAA"
"Audi A4",19333,"2020",34210,"Petrol","Manual","TheAA"
"Audi A3",19450,"2021",32498,"Diesel","Automatic","TheAA"
"Audi A3",19844,"2022",18645,"Petrol","Automatic","TheAA"
"Volkswagen T-Roc",20500,"2020",20635,"Petrol","Automatic","TheAA"
"Audi A6",20798,"2021",60990,"Petrol","Automatic","TheAA"
"Audi A3",21183,"2022",31158,"Petrol","Automatic","TheAA"
"Audi A1",21950,"2024",2500,"Petrol","Manual","TheAA"
"Audi Q2",22155,"2023",16440,"Petrol","Manual","TheAA"
"Audi A1",22527,"2023",8000,"Petrol","Manual","TheAA"
"Audi A4",23450,"2022",28700,"Petrol","Automatic","TheAA"
"Audi A1",23647,"2023",11405,"Petrol","Manual","TheAA"
"Audi A1",23750,"2024",5255,"Petrol","Manual","TheAA"
"Audi A5",23950,"2021",54885,"Petrol","Automatic","TheAA"
"Audi A4",24141,"2021",27065,"Diesel","Automatic","TheAA"
"Audi A1",24402,"2022",10019,"Petrol","Automatic","TheAA"
"Audi Q2",24605,"2024",7985,"Petrol","Manual","TheAA"
"Audi TT",24990,"2020",31204,"Petrol","Automatic","TheAA"
"Audi Q4",25250,"2021",34104,"Electric","Automatic","TheAA"
"Audi A4",25366,"2021",20230,"Diesel","Automatic","TheAA"
"Audi TT",25400,"2021",17746,"Petrol","Automatic","TheAA"
"Audi Q5",25863,"2017",73396,"Petrol","Automatic","TheAA"
"Audi Q2",25990,"2024",3168,"Petrol","Manual","TheAA"
"Audi Q3",27861,"2022",37585,"Petrol","Automatic","TheAA"
"Audi A5",28235,"2024",5223,"Petrol","Automatic","TheAA"
"Audi A5",28650,"2022",17378,"Petrol","Automatic","TheAA"
"Audi Q5",28694,"2017",44522,"Petrol","Automatic","TheAA"
"Audi Q2",29950,"2023",9343,"Petrol","Manual","TheAA"
"Audi A3",31340,"2022",21287,"Petrol","Automatic","TheAA"
"Audi A3",31792,"2022",22821,"Petrol","Automatic","TheAA"
"Audi A3",31950,"2024",3500,"Petrol","Manual","TheAA"
"Audi A3",31950,"2024",3000,"Petrol","Manual","TheAA"
"Audi A5",32450,"2024",6985,"Petrol","Automatic","TheAA"
"Audi Q7",32750,"2019",62500,"Diesel","Automatic","TheAA"
"Audi A5",33087,"2023",7081,"Petrol","Automatic","TheAA"
"Audi Q3",34400,"2023",8802,"Petrol","Automatic","TheAA"
"Audi A5",35250,"2024",5268,"Petrol","Automatic","TheAA"
"Audi A7",35718,"2023",39581,"Diesel","Automatic","TheAA"
"Audi A6",36950,"2024",6985,"Petrol","Automatic","TheAA"
"Audi Q5",37433,"2023",40749,"Diesel","Automatic","TheAA"
"Audi TT",38302,"2022",13403,"Petrol","Automatic","TheAA"
"Audi Q5",38490,"2024",7985,"Petrol","Automatic","TheAA"
"Audi Q5",39241,"2023",10347,"Petrol","Automatic","TheAA"
"Audi Q5",39266,"2024",8985,"Diesel","Automatic","TheAA"
"Audi Q3",39450,"2024",3000,"Petrol","Automatic","TheAA"
"Audi Q5",39450,"2024",6985,"Plug-in hybrid (phev","Automatic","TheAA"
"Audi Q7",39990,"2021",39932,"Diesel","Automatic","TheAA"
"Audi A6",39990,"2022",22500,"Petrol","Automatic","TheAA"
"Audi Q4",40950,"2024",12150,"Electric","Automatic","TheAA"
"Audi Q4",41727,"2024",5985,"Electric","Automatic","TheAA"
"Audi Q5",42400,"2022",14090,"Petrol","Automatic","TheAA"
"Audi A4",42450,"2022",11639,"Diesel","Automatic","TheAA"
"Audi Q5",42950,"2024",7618,"Petrol","Automatic","TheAA"
"Audi Q4",43450,"2024",7985,"Electric","Automatic","TheAA"
"Audi Q5",43950,"2023",3065,"Plug-in hybrid (phev","Automatic","TheAA"
"Audi Q8",45305,"2021",44977,"Diesel","Automatic","TheAA"
"Audi Q4",45950,"2024",3000,"Electric","Automatic","TheAA"
"Audi Q7",45950,"2022",13972,"Petrol","Automatic","TheAA"
"Audi Q5",46916,"2024",5078,"Petrol","Automatic","TheAA"
"Audi A5",46964,"2022",29066,"Diesel","Automatic","TheAA"
"Audi Q4",46990,"2024",3001,"Electric","Automatic","TheAA"
"Audi Q8",47653,"2021",33580,"Diesel","Automatic","TheAA"
"Audi RS3",47801,"2022",19121,"Petrol","Automatic","TheAA"
"Audi A5",49950,"2024",1251,"Diesel","Automatic","TheAA"
"Audi Q5",49990,"2023",8750,"Diesel","Automatic","TheAA"
"Audi Q4",52950,"2024",10615,"Electric","Automatic","TheAA"
"Audi Q8",53950,"2024",5985,"Electric","Automatic","TheAA"
"Audi Q6",65950,"2024",7180,"Electric","Automatic","TheAA"
"Audi Rs6",80310,"2021",22772,"Petrol","Automatic","TheAA"
"Audi Rs Q8",83077,"2021",26344,"Petrol","Automatic","TheAA"
"Renault Captur",8549,"2016",28800,"Diesel","Manual","TheAA"
"Renault Clio",8939,"2019",37077,"Petrol","Manual","TheAA"
"Renault Zoe",9428,"2020",16082,"Electric","Automatic","TheAA"
"Renault Zoe",9774,"2020",29349,"Electric","Automatic","TheAA"
"Renault Captur",10062,"2019",30639,"Petrol","Manual","TheAA"
"Nissan Micra",10317,"2022",13824,"Petrol","Manual","TheAA"
"Dacia Sandero Stepway",10963,"2021",12060,"Petrol","Manual","TheAA"
"Dacia Sandero Stepway",11645,"2021",25148,"Petrol","Manual","TheAA"
"Dacia Sandero Stepway",12195,"2023",9508,"Petrol","Manual","TheAA"
"Dacia Sandero",12261,"2023",7258,"Hybrid","Manual","TheAA"
"Volkswagen Polo",12273,"2019",39568,"Petrol","Manual","TheAA"
"MG ZS",12543,"2019",17248,"Petrol","Semiauto","TheAA"
"Renault Clio",12563,"2021",9104,"Petrol","Manual","TheAA"
"Nissan Juke",12799,"2022",21373,"Petrol","Manual","TheAA"
"Mazda CX-3",12963,"2019",38282,"Petrol","Manual","TheAA"
"Renault Clio",12984,"2021",14288,"Petrol","Manual","TheAA"
"Nissan Qashqai",12996,"2021",41745,"Hybrid","Manual","TheAA"
"Dacia Duster",13004,"2021",18888,"Petrol","Manual","TheAA"
"Vauxhall Crossland",13460,"2022",17457,"Petrol","Manual","TheAA"
"Hyundai IONIQ",13723,"2020",38716,"Hybrid","Automatic","TheAA"
"Renault Captur",14153,"2021",6631,"Petrol","Manual","TheAA"
"Renault Clio",14378,"2021",21139,"Hybrid","Automatic","TheAA"
"Dacia Duster",15199,"2022",18893,"Petrol","Manual","TheAA"
"MG HS",15314,"2022",28010,"Petrol","Manual","TheAA"
"Renault Captur",16657,"2022",11713,"Petrol","Manual","TheAA"
"Renault Captur",16739,"2024",11670,"Petrol","Manual","TheAA"
"Renault Captur",16739,"2024",11670,"Petrol","Manual","TheAA"
"Renault Captur",16777,"2024",11187,"Petrol","Manual","TheAA"
"Renault Captur",16779,"2024",11224,"Petrol","Manual","TheAA"
"Renault Captur",16786,"2024",11075,"Petrol","Manual","TheAA"
"Peugeot 208",16815,"2021",16667,"Petrol","Semiauto","TheAA"
"Kia Ceed",16838,"2021",18700,"Petrol","Manual","TheAA"
"Renault Captur",16932,"2024",9298,"Petrol","Manual","TheAA"
"Dacia Journey",17097,"2024",11309,"Petrol","Manual","TheAA"
"Renault Captur",17171,"2024",17601,"Hybrid","Automatic","TheAA"
"Renault Arkana",17349,"2021",31128,"Hybrid","Semiauto","TheAA"
"Renault Captur",17376,"2022",8415,"Hybrid","Automatic","TheAA"
"Dacia Journey",17412,"2024",7635,"Petrol","Manual","TheAA"
"Peugeot 2008",17483,"2020",18827,"Petrol","Semiauto","TheAA"
"Renault Megane E Tech",18236,"2023",32570,"Electric","Automatic","TheAA"
"Kia Stonic",19292,"2023",6802,"Petrol","Automatic","TheAA"
"Renault Arkana",19546,"2023",3509,"Hybrid","Semiauto","TheAA"
"Volkswagen Polo GTI",19960,"2022",28810,"Petrol","Semiauto","TheAA"
"Renault Captur",20089,"2024",12079,"Hybrid","Automatic","TheAA"
"Renault Megane E Tech",20346,"2024",14471,"Electric","Automatic","TheAA"
"Renault Captur",20545,"2024",4291,"Petrol","Manual","TheAA"
"Renault Captur",20606,"2024",1916,"Hybrid","Automatic","TheAA"
"Nissan Juke",20755,"2024",5,"Hybrid","Automatic","TheAA"
"Renault Megane E Tech",21774,"2024",17606,"Electric","Automatic","TheAA"
"BMW 1 Series",24357,"2022",12000,"Petrol","Semiauto","TheAA"
"Renault Austral",25609,"2024",9039,"Hybrid","Semiauto","TheAA"
"Toyota C-HR",26951,"2024",7339,"Hybrid","Automatic","TheAA"
"Jaguar I-Pace",17988,"2018",29984,"Electric","Automatic","TheAA"
"Jaguar E-Pace",19790,"2020",43907,"Petrol","Automatic","TheAA"
"Jaguar I-Pace",22150,"2019",31391,"Electric","Automatic","TheAA"
"Land Rover Range Rover Evoque",23504,"2021",30946,"Diesel","Automatic","TheAA"
"Jaguar F-Pace",25744,"2020",42777,"Diesel","Automatic","TheAA"
"Land Rover Range Rover Evoque",25996,"2021",17117,"Diesel","Automatic","TheAA"
"Land Rover Range Rover Evoque",26139,"2020",35501,"Diesel","Automatic","TheAA"
"Jaguar E-Pace",26843,"2021",46227,"Diesel","Automatic","TheAA"
"Land Rover Range Rover Evoque",26996,"2022",13636,"Petrol/plugin elec h","Automatic","TheAA"
"Land Rover Range Rover Evoque",27372,"2021",32511,"Diesel","Automatic","TheAA"
"Land Rover Range Rover Evoque",27379,"2021",26371,"Diesel","Automatic","TheAA"
"Land Rover Range Rover Evoque",27666,"2020",21286,"Diesel","Automatic","TheAA"
"Land Rover Discovery Sport",27884,"2021",33498,"Diesel","Automatic","TheAA"
"Land Rover Discovery Sport",27920,"2021",42219,"Diesel","Automatic","TheAA"
"Land Rover Range Rover Evoque",28995,"2020",17265,"Diesel","Automatic","TheAA"
"SEAT Leon 1.5 TSI EVO 150 FR [EZ] 5dr",14199,"2019",15192,"Petrol","Manual  ","Cinch"
"Nissan Qashqai 1.3 DiG-T MH 158 Tekna 5dr Xtronic",22139,"2019",15192,"Petrol","Manual  ","Cinch"
"Mercedes-Benz E-Class E220d AMG Line Premium 2dr 9G-Tronic",23499,"2019",15192,"Petrol","Manual  ","Cinch"
"Mercedes-Benz B-Class B200d AMG Line Executive 5dr Auto",17769,"2019",15192,"Petrol","Manual  ","Cinch"
"Hyundai Tucson 1.7 CRDi Blue Drive SE 5dr 2WD DCT",13099,"2019",15192,"Petrol","Manual  ","Cinch"
"Suzuki Swift 1.4 Boosterjet 48V Hybrid Sport 5dr",16449,"2019",15192,"Petrol","Manual  ","Cinch"
"Toyota RAV4 2.5 VVT-i Hybrid Excel 5dr CVT",22199,"2019",15192,"Petrol","Manual  ","Cinch"
"Vauxhall Corsa 1.2 Turbo SRi Edition 5dr",13649,"2019",15192,"Petrol","Manual  ","Cinch"
"Mercedes-Benz A-Class A200d Sport Premium 5dr Auto",12599,"2019",15192,"Petrol","Manual  ","Cinch"
"Fiat 500 1.0 Mild Hybrid Star [Dolcevita Pack] 3dr",9949,"2019",15192,"Petrol","Manual  ","Cinch"
"Citroen C3 1.2 PureTech 82 Flair 5dr",8599,"2019",15192,"Petrol","Manual  ","Cinch"
"Suzuki Vitara 1.6 SZ-T [Urban Pack] 5dr",8199,"2019",15192,"Petrol","Manual  ","Cinch"
"Ford Fiesta 1.0 EcoBoost 140 ST-Line 3dr",8999,"2019",15192,"Petrol","Manual  ","Cinch"
"MG MG3 1.5 VTi-TECH 3Form Sport 5dr [Start Stop]",6349,"2019",15192,"Petrol","Manual  ","Cinch"
"Vauxhall Corsa 1.4 [75] Griffin 3dr",9449,"2019",15192,"Petrol","Manual  ","Cinch"
"Audi A6 Avant 2.0 TDI Quattro Black Edition 5dr S Tronic",21299,"2019",15192,"Petrol","Manual  ","Cinch"
"smart fortwo cabrio 1.0 Prime 2dr Auto",10149,"2019",15192,"Petrol","Manual  ","Cinch"
"Citroen Grand C4 SpaceTourer 1.2 PureTech 130 Touch Edition 5dr",11799,"2019",15192,"Petrol","Manual  ","Cinch"
"Toyota Aygo 1.0 VVT-i X-Trend 5dr",9299,"2019",15192,"Petrol","Manual  ","Cinch"
"Fiat Panda 1.2 Pop 5dr",6499,"2019",15192,"Petrol","Manual  ","Cinch"
"BMW 4 Series 430i M Sport 2dr Auto [Professional Media]",19199,"2019",15192,"Petrol","Manual  ","Cinch"
"Volvo XC40 1.5 T4 RC PHEV Inscription Expression 5dr Auto",20299,"2019",15192,"Petrol","Manual  ","Cinch"
"Suzuki Vitara 1.0 Boosterjet SZ-T 5dr",11799,"2019",15192,"Petrol","Manual  ","Cinch"
"Volkswagen Tiguan 2.0 TDi 150 R-Line Tech 5dr DSG",21099,"2019",15192,"Petrol","Manual  ","Cinch"
"Volkswagen up! 1.0 High Up 5dr",9549,"2019",15192,"Petrol","Manual  ","Cinch"
"Vauxhall Crossland 1.2 Turbo [130] Elite Edition 5dr",13849,"2019",15192,"Petrol","Manual  ","Cinch"
"Nissan Juke 1.0 DiG-T 114 N-Connecta 5dr",12599,"2019",15192,"Petrol","Manual  ","Cinch"
"MINI Countryman 1.5 Cooper S E Classic ALL4 PHEV 5dr Auto",16699,"2019",15192,"Petrol","Manual  ","Cinch"
"SEAT Ateca 1.5 TSI EVO FR Sport [EZ] 5dr DSG",17399,"2019",15192,"Petrol","Manual  ","Cinch"
"Volkswagen Golf 99kW e-Golf 35kWh 5dr Auto",10349,"2019",15192,"Petrol","Manual  ","Cinch"
"Volkswagen Tiguan 2.0 TDi 150 4Motion SE Nav 5dr DSG",16799,"2019",15192,"Petrol","Manual  ","Cinch"
"Renault ZOE 100kW GT Line + R135 50kWh Rapid Charge 5dr Auto",13049,"2019",15192,"Petrol","Manual  ","Cinch"
"Audi A1 30 TFSI S Line 5dr",14649,"2019",57771,"Petrol",NA,"Cinch"
"Renault Captur 0.9 TCE 90 Dynamique S Nav 5dr",10499,"2019",57771,"Petrol",NA,"Cinch"
"Volkswagen T-Roc 2.0 TSI 4MOTION SEL 5dr DSG",19049,"2019",57771,"Petrol",NA,"Cinch"
"Jeep Compass 2.0 Multijet 140 Longitude 5dr",11699,"2019",57771,"Petrol",NA,"Cinch"
"Vauxhall Mokka X 1.4T Griffin 5dr",9249,"2019",57771,"Petrol",NA,"Cinch"
"Audi A3 30 TFSI Sport 5dr S Tronic [Comfort+Sound]",18949,"2019",57771,"Petrol",NA,"Cinch"
"Volkswagen Passat 1.6 TDI SE Business 5dr DSG",11399,"2019",57771,"Petrol",NA,"Cinch"
"Renault ZOE 100kW GT Line + R135 50kWh Rapid Charge 5dr Auto",13799,"2019",57771,"Petrol",NA,"Cinch"
"Audi A6 45 TFSI 265 Quattro Sport 4dr S Tronic",23999,"2019",57771,"Petrol",NA,"Cinch"
"Volkswagen Golf 1.5 TSI EVO 150 R-Line 5dr DSG",17899,"2019",57771,"Petrol",NA,"Cinch"
"Nissan Juke 1.0 DiG-T Tekna+ 5dr DCT",15449,"2019",57771,"Petrol",NA,"Cinch"
"Land Rover Discovery Sport 2.0 TD4 180 HSE Dynamic Lux 5dr Auto",18749,"2019",57771,"Petrol",NA,"Cinch"
"Hyundai i10 1.0 MPi SE Connect 5dr Auto",13449,"2019",57771,"Petrol",NA,"Cinch"
"Nissan Qashqai 1.6 dCi Tekna 5dr Xtronic",12799,"2019",57771,"Petrol",NA,"Cinch"
"Nissan Juke 1.6 Tekna 5dr Xtronic",11399,"2019",57771,"Petrol",NA,"Cinch"
"Toyota Yaris 1.5 Hybrid Excel 5dr CVT [Tech Pack/Panoramic Rf]",18649,"2019",57771,"Petrol",NA,"Cinch"
"Renault Megane 1.5 dCi Dynamique S Nav 5dr",8799,"2019",57771,"Petrol",NA,"Cinch"
"smart forfour 0.9 Turbo Proxy Premium 5dr Auto",9799,"2019",57771,"Petrol",NA,"Cinch"
"Renault Clio 1.2 16V Dynamique Nav 5dr",8149,"2019",57771,"Petrol",NA,"Cinch"
"BMW 1 Series 118i M Sport 5dr Step Auto",19849,"2019",57771,"Petrol",NA,"Cinch"
"Ford Fiesta 1.0 EcoBoost Hybrid mHEV 125 ST-Line X Edition 5dr",14449,"2019",57771,"Petrol",NA,"Cinch"
"Fiat 500 1.0 Mild Hybrid Dolcevita [Part Leather] 3dr",12149,"2019",57771,"Petrol",NA,"Cinch"
"Volvo XC40 1.5 T3 [163] R DESIGN 5dr",22749,"2019",57771,"Petrol",NA,"Cinch"
"Ford Kuga 2.0 TDCi ST-Line Edition 5dr Auto 2WD",12999,"2019",57771,"Petrol",NA,"Cinch"
"Kia Sportage 1.6 CRDi 48V ISG 2 5dr",17249,"2019",57771,"Petrol",NA,"Cinch"
"Citroen C3 1.2 PureTech 82 Feel 5dr",8499,"2019",57771,"Petrol",NA,"Cinch"
"Fiat 500X 1.4 Multiair Cross Plus 5dr",7799,"2019",57771,"Petrol",NA,"Cinch"
"Mercedes-Benz C-Class C250d AMG Line Premium 5dr 9G-Tronic",15399,"2019",57771,"Petrol",NA,"Cinch"
"Hyundai i10 1.2 MPi Premium 5dr Auto",12299,"2019",57771,"Petrol",NA,"Cinch"
"Mercedes-Benz CLA CLA 180 AMG Line 4dr",14399,"2019",57771,"Petrol",NA,"Cinch"
"Vauxhall Corsa 1.2 Turbo SRi Edition 5dr",12799,"2019",57771,"Petrol",NA,"Cinch"
"Fiat 500 1.0 Mild Hybrid Dolcevita [Part Leather] 3dr",12149,"2019",57771,"Petrol",NA,"Cinch"
"Ford Focus 1.0 EcoBoost 140 ST-Line Navigation 5dr",9499,"2018",49961,"Petrol",NA,"Cinch"
"Vauxhall Corsa 1.2 Turbo Elite Nav Premium 5dr",11699,"2018",49961,"Petrol",NA,"Cinch"
"Jaguar XE 2.0d [180] Portfolio 4dr Auto",12649,"2018",49961,"Petrol",NA,"Cinch"
"Fiat 500 1.2 Lounge 3dr",8649,"2018",49961,"Petrol",NA,"Cinch"
"Volkswagen Passat 2.0 TDI 200 R-Line 5dr DSG",18449,"2018",49961,"Petrol",NA,"Cinch"
"Vauxhall Grandland X 1.2 Turbo SE 5dr",10399,"2018",49961,"Petrol",NA,"Cinch"
"Vauxhall Corsa 1.4 SRi Nav 5dr",9499,"2018",49961,"Petrol",NA,"Cinch"
"Peugeot 208 1.2 PureTech 82 Allure 5dr",7399,"2018",49961,"Petrol",NA,"Cinch"
"Citroen C4 Cactus 1.2 PureTech [110] Rip Curl 5dr",9599,"2018",49961,"Petrol",NA,"Cinch"
"Dacia Logan MCV 1.5 dCi Laureate 5dr",6749,"2018",49961,"Petrol",NA,"Cinch"
"SsangYong Korando 2.0 SE4 5dr",6799,"2018",49961,"Petrol",NA,"Cinch"
"Mazda CX-5 2.0 Sport 5dr",22699,"2018",49961,"Petrol",NA,"Cinch"
"Peugeot 5008 1.2 PureTech GT Premium 5dr EAT8",23699,"2018",49961,"Petrol",NA,"Cinch"
"Tesla Model Y Long Range AWD 5dr Auto",29549,"2018",49961,"Petrol",NA,"Cinch"
"Volkswagen T-Roc 1.5 TSI EVO Black Edition 5dr DSG",21064,"2018",49961,"Petrol",NA,"Cinch"
"Mazda Mazda6 2.0 SE-L Lux Nav+ 5dr",19999,"2018",49961,"Petrol",NA,"Cinch"
"MG ZS 1.5 VTi-TECH Exclusive 5dr",15999,"2018",49961,"Petrol",NA,"Cinch"
"Ford Tourneo Connect 2.0 EcoBlue Sport 5dr Auto [7 seat]",28889,"2018",49961,"Petrol",NA,"Cinch"
"MG ZS 1.0T GDi Exclusive 5dr",16299,"2018",49961,"Petrol",NA,"Cinch"
"SEAT Arona 1.5 TSI 150 FR Sport 5dr DSG",20399,"2018",49961,"Petrol",NA,"Cinch"
"Volkswagen Touareg 3.0 V6 TDI 4Motion R-Line Tech 5dr Tip Auto",33344,"2018",49961,"Petrol",NA,"Cinch"
"Audi A3 30 TFSI 116 Black Edition 5dr [Tech Pack]",17754,"2018",49961,"Petrol",NA,"Cinch"
"Mercedes-Benz EQC EQC 400 300kW AMG Line 80kWh 5dr Auto",26599,"2018",49961,"Petrol",NA,"Cinch"
"Mazda MX-30 107kW Exclusive Line 35.5kWh 5dr Auto",15479,"2018",49961,"Petrol",NA,"Cinch"
"Toyota RAV4 2.5 VVT-i Hybrid Excel 5dr CVT",25994,"2018",49961,"Petrol",NA,"Cinch"
"MG ZS 1.5 VTi-TECH Exclusive 5dr",16049,"2018",49961,"Petrol",NA,"Cinch"
"Volkswagen Polo 1.0 EVO 80 SE 5dr",14044,"2018",49961,"Petrol",NA,"Cinch"
"Tesla Model 3 Standard Plus 4dr Auto",19199,"2018",49961,"Petrol",NA,"Cinch"
"MG HS 1.5 T-GDI Trophy 5dr",17699,"2018",49961,"Petrol",NA,"Cinch"
"Land Rover Range Rover Evoque 2.0 Ingenium Si4 HSE Dynamic 5dr Auto",16059,"2018",49961,"Petrol",NA,"Cinch"
"Toyota Corolla Touring Sport 1.8 VVT-i Hybrid Design 5dr CVT",20009,"2018",49961,"Petrol",NA,"Cinch"
"Tesla Model Y Long Range AWD 5dr Auto",25949,"2018",49961,"Petrol",NA,"Cinch"
"Volkswagen Golf 1.5 TSI EVO 150 R-Line Edition 5dr",17449,"2020",40295,"Petrol","Manual  ","Cinch"
"Fiat 500X 1.0 Cross Plus 5dr",11399,"2020",40295,"Petrol","Manual  ","Cinch"
"BMW 3 Series 320d MHT M Sport 4dr Step Auto",22949,"2020",40295,"Petrol","Manual  ","Cinch"
"Audi Q2 35 TFSI Sport 5dr",16549,"2020",40295,"Petrol","Manual  ","Cinch"
"Volkswagen Golf 1.5 eTSI 150 R-Line 5dr DSG",16549,"2020",40295,"Petrol","Manual  ","Cinch"
"Suzuki Vitara 1.6 SZ-T [Rugged Pack] 5dr Auto",10499,"2020",40295,"Petrol","Manual  ","Cinch"
"Hyundai i30 1.0T GDi Premium 5dr",14029,"2020",40295,"Petrol","Manual  ","Cinch"
"MG HS 1.5 T-GDI SE 5dr DCT",17499,"2020",40295,"Petrol","Manual  ","Cinch"
"Polestar 2 170kW 69kWh Standard Range Single motor 5dr Auto",21049,"2020",40295,"Petrol","Manual  ","Cinch"
"Volkswagen T-Roc 1.5 TSI EVO Design 5dr",17899,"2020",40295,"Petrol","Manual  ","Cinch"
"Hyundai IONIQ 1.6 GDi Plug-in Hybrid Premium 5dr DCT",13869,"2020",40295,"Petrol","Manual  ","Cinch"
"Ford Focus 1.0 EcoBoost 125 Titanium X 5dr",12299,"2020",40295,"Petrol","Manual  ","Cinch"
"Jeep Compass 1.4 Multiair 140 Longitude 5dr [2WD]",13049,"2020",40295,"Petrol","Manual  ","Cinch"
"Hyundai Tucson 1.6 TGDi N Line S 5dr 2WD",24459,"2020",40295,"Petrol","Manual  ","Cinch"
"MG HS 1.5 T-GDI SE 5dr DCT",17499,"2020",40295,"Petrol","Manual  ","Cinch"
"Kia e-Niro 150kW 3 64kWh 5dr Auto",17799,"2020",40295,"Petrol","Manual  ","Cinch"
"Audi A3 35 TDI S Line 5dr S Tronic",21219,"2020",40295,"Petrol","Manual  ","Cinch"
"Ford Kuga 1.5 TDCi ST-Line 5dr 2WD",13394,"2020",40295,"Petrol","Manual  ","Cinch"
"BMW 4 Series Gran Coupe 420i M Sport 5dr Auto [Professional Media]",15149,"2020",40295,"Petrol","Manual  ","Cinch"
"Mazda CX-3 2.0 Sport Nav + 5dr [Safety + Leather Pack]",13299,"2020",40295,"Petrol","Manual  ","Cinch"
"Renault ZOE 80kW i Iconic R110 50kWh Rapid Charge 5dr Auto",11569,"2020",40295,"Petrol","Manual  ","Cinch"
"SEAT Arona 1.0 TSI SE Technology 5dr",12949,"2020",40295,"Petrol","Manual  ","Cinch"
"BMW 3 Series 320i M Sport 5dr Step Auto",33919,"2020",40295,"Petrol","Manual  ","Cinch"
"Citroen C3 1.2 PureTech 110 Plus 5dr EAT6",14294,"2020",40295,"Petrol","Manual  ","Cinch"
"Land Rover Range Rover Evoque 2.0 D180 R-Dynamic SE 5dr Auto",24699,"2020",40295,"Petrol","Manual  ","Cinch"
"MG ZS 1.5 VTi-TECH Exclusive 5dr",16279,"2020",40295,"Petrol","Manual  ","Cinch"
"Audi Q4 e-tron 125kW 35 55kWh S Line 5dr Auto",23949,"2020",40295,"Petrol","Manual  ","Cinch"
"Vauxhall Corsa 1.2 Turbo Ultimate 5dr",17049,"2020",40295,"Petrol","Manual  ","Cinch"
"Audi A3 30 TFSI S Line 4dr S Tronic",22739,"2020",40295,"Petrol","Manual  ","Cinch"
"Kia Sportage 1.6 CRDi ISG GT-Line 5dr DCT Auto",15679,"2020",40295,"Petrol","Manual  ","Cinch"
"Volvo EX30 200kW Single Motor Plus 51kWh 5dr Auto",28639,"2020",40295,"Petrol","Manual  ","Cinch"
"Peugeot 3008 1.5 BlueHDi Allure 5dr",14789,"2020",40295,"Petrol","Manual  ","Cinch"
"Nissan Juke 1.0 DiG-T 114 Tekna 5dr",18364,"2024",10533,"Petrol",NA,"Cinch"
"Vauxhall Mokka-e 100kW Ultimate 50kWh 5dr Auto",17789,"2024",10533,"Petrol",NA,"Cinch"
"SKODA OCTAVIA 1.5 TSI 150 SE L 5dr",24049,"2024",10533,"Petrol",NA,"Cinch"
"Nissan Qashqai 1.3 DiG-T MH 158 Acenta Premium 5dr Xtronic",16414,"2024",10533,"Petrol",NA,"Cinch"
"Mercedes-Benz C-Class C200 AMG Line Edition 2dr 9G-Tronic",29629,"2024",10533,"Petrol",NA,"Cinch"
"Peugeot E-2008 100kW Allure Premium 50kWh 5dr Auto",14739,"2024",10533,"Petrol",NA,"Cinch"
"Jaguar XE 2.0 P300 R-Dynamic HSE 4dr Auto AWD",31029,"2024",10533,"Petrol",NA,"Cinch"
"Nissan X-Trail 1.5 E-Power E-4orce 213 N-Connecta 5dr Auto",30904,"2024",10533,"Petrol",NA,"Cinch"
"Hyundai i20 1.0T GDi 48V MHD Premium 5dr DCT",15854,"2024",10533,"Petrol",NA,"Cinch"
"Nissan LEAF 160kW e+ Tekna 59kWh 5dr Auto",16689,"2024",10533,"Petrol",NA,"Cinch"
"Nissan Qashqai 1.5 E-Power Tekna+ 5dr Auto",27694,"2024",10533,"Petrol",NA,"Cinch"
"Nissan Qashqai 1.3 DiG-T N-Motion 5dr",16099,"2024",10533,"Petrol",NA,"Cinch"
"Hyundai Kona 150kW Premium 64kWh 5dr Auto",16739,"2024",10533,"Petrol",NA,"Cinch"
"Hyundai Tucson 1.6T Premium 5dr",25959,"2024",10533,"Petrol",NA,"Cinch"
"Hyundai Tucson 1.6 TGDi Hybrid 230 Ultimate 5dr 2WD Auto",23879,"2024",10533,"Petrol",NA,"Cinch"
"Mercedes-Benz CLA CLA 200 AMG Line Premium 5dr Tip Auto",24999,"2024",10533,"Petrol",NA,"Cinch"
"Mercedes-Benz EQC EQC 400 300kW AMG Line Premium Plus 80kWh 5dr Auto",31869,"2024",10533,"Petrol",NA,"Cinch"
"Mercedes-Benz A-Class A220d AMG Line Executive 5dr Auto",20479,"2024",10533,"Petrol",NA,"Cinch"
"Hyundai IONIQ 5 160kW Ultimate 73 kWh 5dr Auto",22219,"2024",10533,"Petrol",NA,"Cinch"
"Hyundai i20 1.0T GDi 48V MHD Premium 5dr",14664,"2024",10533,"Petrol",NA,"Cinch"
"Hyundai i10 1.0 MPi Premium 5dr",14129,"2024",10533,"Petrol",NA,"Cinch"
"Volvo EX30 315kW Twin Motor Performance Ultra 69kWh 5dr Auto",34549,"2024",10533,"Petrol",NA,"Cinch"
"Volvo XC40 300kW Recharge Twin Pro 78kWh 5dr AWD Auto",28439,"2024",10533,"Petrol",NA,"Cinch"
"Volvo XC40 300kW Recharge Twin Pro 78kWh 5dr AWD Auto",25179,"2024",10533,"Petrol",NA,"Cinch"
"Volvo XC90 2.0 B5D [235] Plus Dark 5dr AWD Geartronic",43309,"2024",10533,"Petrol",NA,"Cinch"
"Vauxhall Mokka-e 100kW Ultimate 50kWh 5dr Auto",17449,"2024",10533,"Petrol",NA,"Cinch"
"Volvo EX30 200kW SM Extended Range Ultra 69kWh 5dr Auto",34659,"2024",10533,"Petrol",NA,"Cinch"
"Volvo XC40 1.5 T3 [163] R DESIGN 5dr Geartronic",29729,"2024",10533,"Petrol",NA,"Cinch"
"Volvo V40 D2 [122] R DESIGN Edition 5dr Geartronic",15559,"2024",10533,"Petrol",NA,"Cinch"
"SKODA FABIA 1.0 TSI Colour Edition 5dr",14849,"2024",10533,"Petrol",NA,"Cinch"
"Vauxhall Mokka-e 100kW Ultimate 50kWh 5dr Auto",17379,"2024",10533,"Petrol",NA,"Cinch"
"Vauxhall Mokka-e 100kW Ultimate 50kWh 5dr Auto",17249,"2024",10533,"Petrol",NA,"Cinch"
"BMW 3 Series 320i M Sport 5dr Step Auto [Tech Pack]",33284,"2024",11841,"Petrol","Automatic  ","Cinch"
"Hyundai Tucson 1.6 GDi Premium 5dr 2WD",17364,"2024",11841,"Petrol","Automatic  ","Cinch"
"SKODA KAMIQ 1.0 TSI SE L 5dr",21849,"2024",11841,"Petrol","Automatic  ","Cinch"
"SKODA FABIA 1.0 TSI SE L 5dr",14549,"2024",11841,"Petrol","Automatic  ","Cinch"
"Peugeot 5008 1.2 PureTech GT 5dr",18629,"2024",11841,"Petrol","Automatic  ","Cinch"
"Peugeot 3008 1.2 PureTech GT 5dr EAT8",23594,"2024",11841,"Petrol","Automatic  ","Cinch"
"MINI Countryman 1.5 Cooper Classic 5dr [Comfort/Nav+ Pack]",14604,"2024",11841,"Petrol","Automatic  ","Cinch"
"Nissan Qashqai 1.3 DiG-T MH 158 Acenta Premium 5dr Xtronic",18379,"2024",11841,"Petrol","Automatic  ","Cinch"
"Nissan Juke 1.0 DiG-T 114 Acenta 5dr",15224,"2024",11841,"Petrol","Automatic  ","Cinch"
"Nissan Qashqai 1.5 E-Power N-Connecta 5dr Auto",24794,"2024",11841,"Petrol","Automatic  ","Cinch"
"MINI Convertible 2.0 Cooper S Sport II 2dr Auto [Comfort/Nav Pack]",20074,"2024",11841,"Petrol","Automatic  ","Cinch"
"Hyundai i20 1.0T GDi Advance 5dr",16494,"2024",11841,"Petrol","Automatic  ","Cinch"
"Ford Focus 1.0 EcoBoost 125 ST-Line X 5dr",13259,"2024",11841,"Petrol","Automatic  ","Cinch"
"Hyundai Kona 1.6 GDi Hybrid SE Connect 5dr DCT",16184,"2024",11841,"Petrol","Automatic  ","Cinch"
"BMW 5 Series 530d M Sport 4dr Auto",27294,"2024",11841,"Petrol","Automatic  ","Cinch"
"Hyundai Tucson 1.6 TGDi Plug-in Hybrid Ultimate 5dr 4WD Auto",30394,"2024",11841,"Petrol","Automatic  ","Cinch"
"BMW X3 xDrive 30e M Sport 5dr Auto",28149,"2024",11841,"Petrol","Automatic  ","Cinch"
"BMW 2 Series Gran Coupe 218i [136] M Sport 4dr",25734,"2024",11841,"Petrol","Automatic  ","Cinch"
"Ford Focus 1.0 EcoBoost 125 Active Auto 5dr",15079,"2024",11841,"Petrol","Automatic  ","Cinch"
"BMW M4 M4 Competition 2dr Step Auto",55809,"2024",11841,"Petrol","Automatic  ","Cinch"
"Nissan Juke 1.6 Hybrid Tekna 5dr Auto",21879,"2024",11841,"Petrol","Automatic  ","Cinch"
"Mercedes-Benz GLB GLB 200 AMG Line Premium + Night Ed 5dr 7G-Tronic",34469,"2024",11841,"Petrol","Automatic  ","Cinch"
"MINI Countryman 2.0 S Exclusive ALL4 5dr Auto",32204,"2024",11841,"Petrol","Automatic  ","Cinch"
"Mercedes-Benz GLA GLA 45 S 4Matic+ Plus 5dr Auto",49009,"2024",11841,"Petrol","Automatic  ","Cinch"
"Hyundai Kona 150kW Premium SE 64kWh 5dr Auto",16034,"2024",11841,"Petrol","Automatic  ","Cinch"
"Mercedes-Benz A-Class A180 AMG Line Executive Edition 5dr Auto",21129,"2024",11841,"Petrol","Automatic  ","Cinch"
"Land Rover Range Rover Evoque 2.0 D165 R-Dynamic 5dr 2WD",21849,"2024",11841,"Petrol","Automatic  ","Cinch"
"Hyundai i20 1.0T GDi 48V MHD Premium 5dr",16004,"2024",11841,"Petrol","Automatic  ","Cinch"
"Jaguar XF 3.0d V6 S 4dr Auto",20019,"2024",11841,"Petrol","Automatic  ","Cinch"
"Jaguar I-PACE 294kW EV400 Sport 90kWh 5dr Auto",36934,"2024",11841,"Petrol","Automatic  ","Cinch"
"Hyundai Kona 150kW Premium 64kWh 5dr Auto",15919,"2024",11841,"Petrol","Automatic  ","Cinch"
"Hyundai Tucson 1.6 GDi SE Nav 5dr 2WD",12334,"2024",11841,"Petrol","Automatic  ","Cinch"
"Hyundai IONIQ 5 160kW Ultimate 73 kWh 5dr Auto",22564,"2021",31886,"Electric","Automatic  ","Cinch"
"Hyundai Kona 1.6 GDi Hybrid Advance 5dr DCT",25309,"2021",31886,"Electric","Automatic  ","Cinch"
"BMW 3 Series 330e M Sport 5dr Step Auto",35839,"2021",31886,"Electric","Automatic  ","Cinch"
"BMW X5 xDrive40d MHT M Sport 5dr Auto [Tech/Pro Pack]",57649,"2021",31886,"Electric","Automatic  ","Cinch"
"Hyundai IONIQ 5 125kW Premium 58 kWh 5dr Auto",19474,"2021",31886,"Electric","Automatic  ","Cinch"
"Hyundai Tucson 1.6T Plug-in Hybrid Ultimate 5dr 4WD Auto",35409,"2021",31886,"Electric","Automatic  ","Cinch"
"Honda CR-V 2.0 i-MMD Hybrid EX 5dr eCVT",30119,"2021",31886,"Electric","Automatic  ","Cinch"
"Honda Jazz 1.5 i-MMD Hybrid EX 5dr eCVT",14389,"2021",31886,"Electric","Automatic  ","Cinch"
"Ford Puma 1.0 EcoBoost Hybrid mHEV ST 5dr DCT",24999,"2021",31886,"Electric","Automatic  ","Cinch"
"Honda Jazz 1.5 i-MMD Hybrid Crosstar EX 5dr eCVT",19589,"2021",31886,"Electric","Automatic  ","Cinch"
"BMW 4 Series Gran Coupe 420i M Sport 5dr Step Auto",40889,"2021",31886,"Electric","Automatic  ","Cinch"
"Ford Focus 1.0 EcoBoost Hybrid mHEV 155 ST-Line 5dr Auto",21519,"2021",31886,"Electric","Automatic  ","Cinch"
"BMW iX2 150kW eDrive20 M Sport 65kWh 5dr Auto [Tech/Pro]",35019,"2021",31886,"Electric","Automatic  ","Cinch"
"BMW X3 xDrive 30e M Sport 5dr Auto",48689,"2021",31886,"Electric","Automatic  ","Cinch"
"BMW 1 Series 118i [136] M Sport 5dr [Live Cockpit Professional]",23554,"2021",31886,"Electric","Automatic  ","Cinch"
"BMW X5 xDrive30d MHT M Sport 5dr Auto [Tech Pack]",60319,"2021",31886,"Electric","Automatic  ","Cinch"
"BMW 3 Series 320i M Sport 4dr Step Auto",22524,"2021",31886,"Electric","Automatic  ","Cinch"
"BMW iX 240kW xDrive40 M Sport 76.6kWh 5dr Auto",40714,"2021",31886,"Electric","Automatic  ","Cinch"
"BMW 4 Series Gran Coupe 420i M Sport 5dr Step Auto",29549,"2021",31886,"Electric","Automatic  ","Cinch"
"MINI Hatchback 1.5 Cooper Exclusive 3dr Auto",19394,"2021",31886,"Electric","Automatic  ","Cinch"
"BMW 3 Series 320i M Sport 4dr Step Auto [Pro Pack]",25694,"2021",31886,"Electric","Automatic  ","Cinch"
"BMW 3 Series 320d MHT M Sport 5dr Step Auto",29244,"2021",31886,"Electric","Automatic  ","Cinch"
"BMW 3 Series 330e M Sport 4dr Step Auto",20439,"2021",31886,"Electric","Automatic  ","Cinch"
"BMW iX3 210kW M Sport Pro 80kWh 5dr Auto",33189,"2021",31886,"Electric","Automatic  ","Cinch"
"Hyundai BAYON 1.0 TGDi Ultimate 5dr DCT",20649,"2021",31886,"Electric","Automatic  ","Cinch"
"Mercedes-Benz C-Class C43 4Matic Premium Plus 2dr 9G-Tronic",25139,"2021",31886,"Electric","Automatic  ","Cinch"
"Hyundai i10 1.0 [63] Premium 5dr Auto [Nav]",16899,"2021",31886,"Electric","Automatic  ","Cinch"
"Jaguar I-PACE 294kW EV400 R-Dynamic SE Black 90kWh 5dr Auto",31449,"2021",31886,"Electric","Automatic  ","Cinch"
"MG ZS 1.0T GDi Exclusive 5dr",16599,"2021",31886,"Electric","Automatic  ","Cinch"
"Tesla Model 3 Long Range AWD 4dr Auto",20699,"2021",31886,"Electric","Automatic  ","Cinch"
"Hyundai Tucson 1.6 TGDi Hybrid 230 Ultimate 5dr 2WD Auto",25049,"2021",31886,"Electric","Automatic  ","Cinch"
"Hyundai Santa Fe 1.6 TGDi Hybrid Ultimate 5dr Auto",31219,"2021",31886,"Electric","Automatic  ","Cinch"
"Hyundai Tucson 1.6 TGDi Ultimate 5dr 2WD",23664,"2022",9980,"Petrol","Manual  ","Cinch"
"Honda Jazz 1.5 i-MMD Hybrid EX 5dr eCVT",18864,"2022",9980,"Petrol","Manual  ","Cinch"
"Volkswagen Golf 1.5 TSI 150 Life 5dr",17599,"2022",9980,"Petrol","Manual  ","Cinch"
"Vauxhall Corsa-e 100kW Griffin 50kWh 5dr Auto [7.4kWCh]",11549,"2022",9980,"Petrol","Manual  ","Cinch"
"Vauxhall Corsa-e 100kW SRi Nav Premium 50kWh 5dr Auto [7.4kWCh]",11449,"2022",9980,"Petrol","Manual  ","Cinch"
"Honda CR-V 2.0 i-MMD Hybrid SR 5dr eCVT",23244,"2022",9980,"Petrol","Manual  ","Cinch"
"Kia Rio 1.0 T GDi 48V 118 3 5dr",15579,"2022",9980,"Petrol","Manual  ","Cinch"
"Ford Fiesta 1.0 EcoBoost 95 ST-Line Edition 5dr",12599,"2022",9980,"Petrol","Manual  ","Cinch"
"MINI Hatchback 1.5 Cooper Classic 3dr [Comfort/Nav Pack]",15299,"2022",9980,"Petrol","Manual  ","Cinch"
"Mercedes-Benz CLA CLA 250e AMG Line Premium 4dr Tip Auto",20449,"2022",9980,"Petrol","Manual  ","Cinch"
"Audi A1 1.4 TFSI 150 S Line 5dr S Tronic",12799,"2022",9980,"Petrol","Manual  ","Cinch"
"BMW X1 sDrive 20i Sport 5dr Step Auto",20149,"2022",9980,"Petrol","Manual  ","Cinch"
"Vauxhall Mokka X 1.4T Elite Nav 5dr Auto",13999,"2022",9980,"Petrol","Manual  ","Cinch"
"Hyundai i10 1.0 Play 5dr",8999,"2022",9980,"Petrol","Manual  ","Cinch"
"Ford Fiesta 1.0 EcoBoost 140 ST-Line X 5dr",11749,"2022",9980,"Petrol","Manual  ","Cinch"
"Mazda CX-30 2.0 e-Skyactiv G MHEV SE-L Lux 5dr",14359,"2022",9980,"Petrol","Manual  ","Cinch"
"Hyundai Tucson 1.6 TGDi Premium 5dr 2WD",20974,"2022",9980,"Petrol","Manual  ","Cinch"
"Honda Honda e 113kW Advance 36kWh 5dr Auto",16449,"2022",9980,"Petrol","Manual  ","Cinch"
"BMW 4 Series Gran Coupe 420i M Sport 5dr Auto [Professional Media]",16369,"2022",9980,"Petrol","Manual  ","Cinch"
"MINI Countryman 1.5 Cooper Classic 5dr",18084,"2022",9980,"Petrol","Manual  ","Cinch"
"Ford Kuga 2.5 FHEV ST-Line X Edition 5dr CVT",21989,"2022",9980,"Petrol","Manual  ","Cinch"
"Nissan Micra 0.9 IG-T Acenta Limited Edition 5dr",8949,"2022",9980,"Petrol","Manual  ","Cinch"
"Volkswagen Golf 1.5 TSI Life 5dr",17599,"2022",9980,"Petrol","Manual  ","Cinch"
"BMW 3 Series 318d M Sport Shadow Edition 5dr Step Auto",19749,"2022",9980,"Petrol","Manual  ","Cinch"
"Mazda CX-5 2.0 GT Sport Nav+ 5dr",21169,"2022",9980,"Petrol","Manual  ","Cinch"
"Mercedes-Benz GLC Coupe GLC 220d 4Matic AMG Line 5dr 9G-Tronic",29459,"2022",9980,"Petrol","Manual  ","Cinch"
"Volkswagen Touran 1.4 TSI R-Line 5dr DSG",15859,"2022",9980,"Petrol","Manual  ","Cinch"
"Hyundai IONIQ 5 168kW Premium 77 kWh 5dr Auto [Part Leather]",23599,"2022",9980,"Petrol","Manual  ","Cinch"
"BMW 4 Series Gran Coupe 420i M Sport 5dr Auto [Plus Pack]",20499,"2022",9980,"Petrol","Manual  ","Cinch"
"Nissan Qashqai 1.3 DiG-T N-Connecta 5dr [Glass Roof Pack]",15744,"2022",9980,"Petrol","Manual  ","Cinch"
"Nissan Juke 1.0 DiG-T 114 N-Connecta 5dr",13759,"2022",9980,"Petrol","Manual  ","Cinch"
"Nissan Qashqai 1.3 DiG-T MH 158 Tekna+ 5dr",21659,"2022",9980,"Petrol","Manual  ","Cinch"
"Hyundai IONIQ 100kW Premium SE 38kWh 5dr Auto",11754,"2020",34535,"Electric",NA,"Cinch"
"Dacia Sandero 1.0 SCe Essential 5dr",9124,"2020",34535,"Electric",NA,"Cinch"
"Hyundai Santa Fe 1.6 TGDi Hybrid Premium 5dr 4WD Auto",27759,"2020",34535,"Electric",NA,"Cinch"
"MINI Hatchback 1.5 Cooper Classic 5dr Auto",15529,"2020",34535,"Electric",NA,"Cinch"
"BMW X4 M xDrive X4 M Competition 5dr Step Auto",52324,"2020",34535,"Electric",NA,"Cinch"
"Kia Niro 1.6 GDi Hybrid 3 5dr DCT",23074,"2020",34535,"Electric",NA,"Cinch"
"Kia Soul 150kW First Edition 64kWh 5dr Auto",13379,"2020",34535,"Electric",NA,"Cinch"
"Ford Fiesta 1.5 EcoBoost ST-2 3dr",11859,"2020",34535,"Electric",NA,"Cinch"
"Volkswagen Golf 2.0 TSI 320 R 4Motion 5dr DSG",29414,"2020",34535,"Electric",NA,"Cinch"
"Suzuki Vitara 1.5 Hybrid SZ5 ALLGRIP 5dr AGS",25689,"2020",34535,"Electric",NA,"Cinch"
"Jaguar E-PACE 2.0d R-Dynamic 5dr 2WD",15999,"2020",34535,"Electric",NA,"Cinch"
"Ford EcoSport 1.0 EcoBoost 125 Titanium 5dr",10249,"2020",34535,"Electric",NA,"Cinch"
"Ford Fiesta 1.0 EcoBoost 95 Active Edition 5dr",12649,"2020",34535,"Electric",NA,"Cinch"
"Kia Ceed 1.6 CRDi ISG 2 5dr",8799,"2020",34535,"Electric",NA,"Cinch"
"Hyundai Tucson 1.6 CRDi 48V MHD 136 N Line 5dr 2WD",17299,"2020",34535,"Electric",NA,"Cinch"
"Vauxhall Crossland X 1.2 Elite 5dr",9399,"2020",34535,"Electric",NA,"Cinch"
"Fiat 500 1.0 Mild Hybrid Dolcevita [Part Leather] 3dr",10199,"2020",34535,"Electric",NA,"Cinch"
"Land Rover Range Rover Evoque 2.0 TD4 SE Tech 5dr Auto",12549,"2020",34535,"Electric",NA,"Cinch"
"MINI Paceman 1.6 Cooper S 190 3dr [Chili/Media Pack]",8999,"2020",34535,"Electric",NA,"Cinch"
"Renault Clio 0.9 TCE 90 Dynamique Nav 5dr",9899,"2020",34535,"Electric",NA,"Cinch"
"smart forfour 60kW EQ Premium 17kWh 5dr Auto [22kWch]",10999,"2020",34535,"Electric",NA,"Cinch"
"Vauxhall Grandland X 1.2 Turbo Elite Nav 5dr",12949,"2020",34535,"Electric",NA,"Cinch"
"Peugeot 208 1.2 PureTech 82 Tech Edition 5dr [Start Stop]",10049,"2020",34535,"Electric",NA,"Cinch"
"DS DS 3 Crossback 1.2 PureTech 130 Prestige 5dr EAT8",14349,"2020",34535,"Electric",NA,"Cinch"
"Vauxhall Grandland X 1.5 Turbo D Sport Nav 5dr",11499,"2020",34535,"Electric",NA,"Cinch"
"Mercedes-Benz A-Class A180d [2.0] Sport 5dr",16699,"2020",34535,"Electric",NA,"Cinch"
"MINI Clubman 2.0 Cooper S ALL4 6dr Auto [Tech/JCW Chili Pack]",16799,"2020",34535,"Electric",NA,"Cinch"
"Volkswagen Golf 1.4 TSI SE [Nav] 5dr",13649,"2020",34535,"Electric",NA,"Cinch"
"Citroen C3 1.2 PureTech 110 Flair 5dr [6 Speed]",8849,"2020",34535,"Electric",NA,"Cinch"
"Vauxhall Corsa 1.2 Turbo Ultimate 5dr Auto",17299,"2020",34535,"Electric",NA,"Cinch"
"SKODA SUPERB 2.0 TDI CR SE L Executive 5dr DSG [7 Speed]",13399,"2020",34535,"Electric",NA,"Cinch"
"Toyota RAV4 2.5 VVT-i Hybrid Icon 5dr CVT 2WD",27499,"2020",34535,"Electric",NA,"Cinch"
"Nissan Qashqai 1.5 dCi 115 Tekna+ 5dr",12349,"2018",67008,"Diesel",NA,"Cinch"
"Vauxhall Corsa 1.2 Turbo SE Edition 5dr Auto",13999,"2018",67008,"Diesel",NA,"Cinch"
"SKODA KAMIQ 1.0 TSI 95 SE 5dr",11249,"2018",67008,"Diesel",NA,"Cinch"
"Citroen C3 Aircross 1.2 PureTech 110 Shine Plus 5dr",15549,"2018",67008,"Diesel",NA,"Cinch"
"Ford Fiesta 1.0 EcoBoost Hybrid mHEV 125 ST-Line X Edition 5dr",16449,"2018",67008,"Diesel",NA,"Cinch"
"SKODA FABIA 1.0 TSI 110 SE 5dr DSG",10299,"2018",67008,"Diesel",NA,"Cinch"
"Mercedes-Benz CLA CLA 200 AMG Line 5dr Tip Auto",22099,"2018",67008,"Diesel",NA,"Cinch"
"MINI Clubman 2.0 Cooper S Classic 6dr",16299,"2018",67008,"Diesel",NA,"Cinch"
"Volkswagen Golf 2.0 TDI 184 GTD 5dr DSG",18849,"2018",67008,"Diesel",NA,"Cinch"
"BMW 2 Series 218d [150] M Sport 2dr [Nav]",10999,"2018",67008,"Diesel",NA,"Cinch"
"Hyundai Tucson 1.6 TGDi 177 Premium SE 5dr 2WD",15049,"2018",67008,"Diesel",NA,"Cinch"
"Toyota Yaris 1.5 VVT-i Design 5dr [Nav]",10299,"2018",67008,"Diesel",NA,"Cinch"
"BMW 8 Series Gran Coupe 840i [333] sDrive M Sport 4dr Auto",33649,"2018",67008,"Diesel",NA,"Cinch"
"Ford Kuga 1.5 EcoBoost 120 Zetec 5dr 2WD",11649,"2018",67008,"Diesel",NA,"Cinch"
"Toyota Corolla Touring Sport 2.0 VVT-i Hybrid Excel 5dr CVT",19849,"2018",67008,"Diesel",NA,"Cinch"
"Vauxhall Corsa-e 100kW Elite Premium 50kWh 5dr Auto [11kWCh]",12849,"2018",67008,"Diesel",NA,"Cinch"
"Abarth 595 1.4 T-Jet 145 3dr",10149,"2018",67008,"Diesel",NA,"Cinch"
"Citroen C4 Cactus 1.2 PureTech Flair 5dr [6 Speed]",8499,"2018",67008,"Diesel",NA,"Cinch"
"SEAT Ateca 1.5 TSI EVO FR 5dr",17199,"2018",67008,"Diesel",NA,"Cinch"
"Vauxhall Corsa 1.2 Turbo SE Premium 5dr",12349,"2018",67008,"Diesel",NA,"Cinch"
"MINI Hatchback 1.5 Cooper Sport II 3dr",12699,"2018",67008,"Diesel",NA,"Cinch"
"Audi Q3 2.0 TDI Quattro Black Edition 5dr",18549,"2018",67008,"Diesel",NA,"Cinch"
"Volkswagen Golf 1.0 TSI Life 5dr",18049,"2018",67008,"Diesel",NA,"Cinch"
"Vauxhall Corsa 1.2 Turbo SRi Premium 5dr",10499,"2018",67008,"Diesel",NA,"Cinch"
"Fiat 500 1.0 Mild Hybrid Dolcevita [Part Leather] 3dr",8549,"2018",67008,"Diesel",NA,"Cinch"
"Volkswagen ID.3 107KW Life Pro 58kWh 5dr Auto",11649,"2018",67008,"Diesel",NA,"Cinch"
"Citroen C5 Aircross 1.2 PureTech 130 Flair 5dr",12549,"2018",67008,"Diesel",NA,"Cinch"
"Vauxhall Crossland X 1.2T ecoTec [110] SE 5dr [Start Stop]",7599,"2018",67008,"Diesel",NA,"Cinch"
"Nissan Qashqai 1.3 DiG-T Tekna 5dr",13449,"2018",67008,"Diesel",NA,"Cinch"
"Audi A3 2.0 TDI S Line 5dr S Tronic [7 Speed]",13549,"2018",67008,"Diesel",NA,"Cinch"
"Mercedes-Benz A-Class A200 AMG Line Executive 5dr Auto",19549,"2018",67008,"Diesel",NA,"Cinch"
"Vauxhall Crossland X 1.2T [110] Elite 5dr [Start Stop] Auto",10649,"2018",67008,"Diesel",NA,"Cinch"
"Mercedes-Benz A-Class A180 SE 5dr",14049,"2019",50516,"Petrol","Manual  ","Cinch"
"Volkswagen Polo 1.0 Beats 5dr",11749,"2019",50516,"Petrol","Manual  ","Cinch"
"Toyota Corolla 1.8 VVT-i Hybrid Design 5dr CVT",15499,"2019",50516,"Petrol","Manual  ","Cinch"
"Citroen C4 Picasso 1.6 BlueHDi Flair 5dr EAT6",11399,"2019",50516,"Petrol","Manual  ","Cinch"
"MG ZS 1.0T GDi Exclusive 5dr DCT",11799,"2019",50516,"Petrol","Manual  ","Cinch"
"Toyota Corolla 1.8 VVT-i Hybrid GR Sport 5dr CVT",20249,"2019",50516,"Petrol","Manual  ","Cinch"
"Volkswagen Tiguan 2.0 TDi 150 R-Line 5dr DSG",17649,"2019",50516,"Petrol","Manual  ","Cinch"
"Land Rover Discovery 3.0 D300 R-Dynamic HSE 5dr Auto",59314,"2019",50516,"Petrol","Manual  ","Cinch"
"MINI Hatchback 135kW Cooper S Level 1 33kWh 3dr Auto",13349,"2019",50516,"Petrol","Manual  ","Cinch"
"Tesla Model 3 Performance AWD 4dr [Performance Upgrade] Auto",19849,"2019",50516,"Petrol","Manual  ","Cinch"
"Peugeot 2008 1.5 BlueHDi 110 Allure 5dr",14449,"2019",50516,"Petrol","Manual  ","Cinch"
"Mercedes-Benz E-Class E220d Sport 4dr 9G-Tronic",24999,"2019",50516,"Petrol","Manual  ","Cinch"
"Toyota C-HR 1.8 Hybrid Design 5dr CVT",20799,"2019",50516,"Petrol","Manual  ","Cinch"
"Abarth 595 1.4 T-Jet 145 3dr",10099,"2019",50516,"Petrol","Manual  ","Cinch"
"Honda Civic 2.0 VTEC Turbo Type R 5dr",47974,"2019",50516,"Petrol","Manual  ","Cinch"
"Volkswagen T-Roc 1.5 TSI Life 5dr",17989,"2019",50516,"Petrol","Manual  ","Cinch"
"Volvo XC40 300kW Recharge Twin Pro 78kWh 5dr AWD Auto",26999,"2019",50516,"Petrol","Manual  ","Cinch"
"BMW 3 Series 320d Sport 5dr Step Auto",16249,"2019",50516,"Petrol","Manual  ","Cinch"
"Kia Niro 1.6 GDi PHEV 2 5dr DCT",16599,"2019",50516,"Petrol","Manual  ","Cinch"
"Renault Megane 1.5 Blue dCi Iconic 5dr",10049,"2019",50516,"Petrol","Manual  ","Cinch"
"SEAT Leon 1.0 TSI EVO SE Dynamic 5dr",12849,"2019",50516,"Petrol","Manual  ","Cinch"
"Volvo V40 T2 [122] Momentum Nav Plus 5dr Geartronic",11249,"2019",50516,"Petrol","Manual  ","Cinch"
"BMW 1 Series 118d M Sport 5dr",17149,"2019",50516,"Petrol","Manual  ","Cinch"
"SEAT Ibiza 1.0 TSI 110 Xcellence Lux 5dr",15749,"2019",50516,"Petrol","Manual  ","Cinch"
"Hyundai Santa Fe 1.6 TGDi Hybrid Premium 5dr 4WD Auto",28349,"2019",50516,"Petrol","Manual  ","Cinch"
"Land Rover Range Rover Evoque 2.0 P200 R-Dynamic S 5dr Auto",20949,"2019",50516,"Petrol","Manual  ","Cinch"
"SEAT Leon 1.0 TSI EVO SE Dynamic 5dr",13999,"2019",50516,"Petrol","Manual  ","Cinch"
"DS DS 3 Crossback 1.2 PureTech 130 Ultra Prestige 5dr EAT8",16799,"2019",50516,"Petrol","Manual  ","Cinch"
"Jaguar E-PACE 1.5 P300e R-Dynamic SE 5dr Auto",26149,"2019",50516,"Petrol","Manual  ","Cinch"
"Volkswagen ID.5 150kW Style Pro Performance 77kWh 5dr Auto",27999,"2019",50516,"Petrol","Manual  ","Cinch"
"Mercedes-Benz GLA GLA 180 AMG Line Edition 5dr Auto",17899,"2019",50516,"Petrol","Manual  ","Cinch"
"Audi A1 25 TFSI Sport 5dr",14649,"2019",50516,"Petrol","Manual  ","Cinch"
"Hyundai i10 1.0 MPi SE 5dr",11049,"2022",9770,"Petrol","Manual  ","Cinch"
"Mercedes-Benz A-Class A200d AMG Line 4dr Auto",16049,"2022",9770,"Petrol","Manual  ","Cinch"
"Kia Sportage 1.6T GDi ISG 2 5dr [AWD]",13499,"2022",9770,"Petrol","Manual  ","Cinch"
"Mercedes-Benz A-Class A200d AMG Line 5dr Auto",17749,"2022",9770,"Petrol","Manual  ","Cinch"
"Vauxhall Grandland X 1.5 Turbo D Elite Nav 5dr",12649,"2022",9770,"Petrol","Manual  ","Cinch"
"BMW 3 Series 330e M Sport 4dr Auto",18149,"2022",9770,"Petrol","Manual  ","Cinch"
"Mazda CX-30 2.0 e-Skyactiv G MHEV SE-L Lux 5dr",15449,"2022",9770,"Petrol","Manual  ","Cinch"
"Audi A6 40 TFSI S Line 4dr S Tronic",22899,"2022",9770,"Petrol","Manual  ","Cinch"
"Peugeot 508 1.6 Hybrid GT 5dr e-EAT8",18299,"2022",9770,"Petrol","Manual  ","Cinch"
"Volkswagen Golf 1.5 TSI EVO Match Edition 5dr",17699,"2022",9770,"Petrol","Manual  ","Cinch"
"BMW 2 Series Gran Coupe 218i M Sport 4dr",18199,"2022",9770,"Petrol","Manual  ","Cinch"
"Volkswagen Passat 2.0 TDI EVO SCR SE Nav 4dr",13449,"2022",9770,"Petrol","Manual  ","Cinch"
"Hyundai Tucson 1.6 TGDi 177 N Line 5dr 2WD",18849,"2022",9770,"Petrol","Manual  ","Cinch"
"BMW X3 xDrive M40i 5dr Step Auto",30999,"2022",9770,"Petrol","Manual  ","Cinch"
"MINI Hatchback 1.5 Cooper Classic 3dr",16099,"2022",9770,"Petrol","Manual  ","Cinch"
"Jaguar F-PACE 2.0d [240] Chequered Flag 5dr Auto AWD",25449,"2022",9770,"Petrol","Manual  ","Cinch"
"BMW 2 Series Active Tourer 218i M Sport 5dr Step Auto",16499,"2022",9770,"Petrol","Manual  ","Cinch"
"Volkswagen T-Cross 1.0 TSI 110 SE 5dr",16999,"2022",9770,"Petrol","Manual  ","Cinch"
"Mercedes-Benz GLA GLA 200 AMG Line Edition 5dr Auto",19199,"2022",9770,"Petrol","Manual  ","Cinch"
"Ford Focus 1.5 EcoBlue 120 ST-Line X 5dr",12149,"2022",9770,"Petrol","Manual  ","Cinch"
"Hyundai IONIQ 1.6 GDi Plug-in Hybrid Premium 5dr DCT",15549,"2022",9770,"Petrol","Manual  ","Cinch"
"Ford Focus 1.5 EcoBlue Titanium 5dr Auto",18349,"2022",9770,"Petrol","Manual  ","Cinch"
"Audi A4 Avant 40 TDI 204 Quattro Black Edition 5dr S Tronic",29999,"2022",9770,"Petrol","Manual  ","Cinch"
"Audi A3 45 TFSI e S Line Competition 5dr S Tronic",22799,"2022",9770,"Petrol","Manual  ","Cinch"
"Audi A3 35 TFSI S Line 5dr",17799,"2022",9770,"Petrol","Manual  ","Cinch"
"Volkswagen Golf 1.5 eTSI 150 Style 5dr DSG",17749,"2022",9770,"Petrol","Manual  ","Cinch"
"BMW X1 sDrive 18i M Sport 5dr Step Auto",16499,"2022",9770,"Petrol","Manual  ","Cinch"
"SKODA SUPERB 2.0 TDI CR SE Technology 5dr",16849,"2022",9770,"Petrol","Manual  ","Cinch"
"BMW X4 xDrive20d MHT M Sport 5dr Step Auto",27999,"2022",9770,"Petrol","Manual  ","Cinch"
"Audi A3 35 TFSI S Line 5dr",21399,"2022",9770,"Petrol","Manual  ","Cinch"
"BMW 3 Series 320d M Sport Shadow Edition 5dr Step Auto",19899,"2022",9770,"Petrol","Manual  ","Cinch"
"BMW 1 Series M135i xDrive 5dr Step Auto",27149,"2022",9770,"Petrol","Manual  ","Cinch"
"Volkswagen Golf 1.5 TSI Style 5dr",18749,"2021",14660,"Petrol","Manual  ","Cinch"
"BMW 3 Series 330e M Sport 4dr Step Auto",18099,"2021",14660,"Petrol","Manual  ","Cinch"
"Audi A1 25 TFSI Technik 5dr",16999,"2021",14660,"Petrol","Manual  ","Cinch"
"Vauxhall Corsa 1.2 Turbo SRi Edition 5dr",12549,"2021",14660,"Petrol","Manual  ","Cinch"
"Volkswagen Polo 1.0 TSI 95 Match 5dr",12999,"2021",14660,"Petrol","Manual  ","Cinch"
"Renault Clio 1.0 TCe 100 Iconic 5dr",11349,"2021",14660,"Petrol","Manual  ","Cinch"
"Polestar 2 300kW Pilot Plus 78kWh Dual motor 5dr 4WD Auto",21249,"2021",14660,"Petrol","Manual  ","Cinch"
"Nissan LEAF 110kW Tekna 40kWh 5dr Auto",10469,"2021",14660,"Petrol","Manual  ","Cinch"
"Vauxhall Mokka-e 100kW Launch Edition 50kWh 5dr Auto",14669,"2021",14660,"Petrol","Manual  ","Cinch"
"Toyota Highlander 2.5 VVT-i Hybrid Excel 5dr CVT",36884,"2021",14660,"Petrol","Manual  ","Cinch"
"Mazda MX-5 RF 1.5 Sport Nav 2dr",13789,"2021",14660,"Petrol","Manual  ","Cinch"
"Ford Mustang Mach-E 258kW Extended Range 88kWh AWD 5dr Auto",27754,"2021",14660,"Petrol","Manual  ","Cinch"
"Ford Kuga 2.5 PHEV ST-Line 5dr CVT",20344,"2021",14660,"Petrol","Manual  ","Cinch"
"Tesla Model Y Long Range AWD 5dr Auto",31699,"2021",14660,"Petrol","Manual  ","Cinch"
"Mazda CX-30 2.0 e-Skyactiv G MHEV SE-L Lux 5dr Auto",17529,"2021",14660,"Petrol","Manual  ","Cinch"
"Ford Fiesta 1.0 EcoBoost Zetec 5dr",10949,"2021",14660,"Petrol","Manual  ","Cinch"
"Hyundai Kona 1.6 GDi Hybrid SE Connect 5dr DCT",17099,"2021",14660,"Petrol","Manual  ","Cinch"
"Ford Puma 1.0 EcoBoost Hybrid mHEV ST-Line 5dr",16199,"2021",14660,"Petrol","Manual  ","Cinch"
"Peugeot 3008 1.5 BlueHDi GT Line 5dr",13599,"2021",14660,"Petrol","Manual  ","Cinch"
"Volkswagen Polo 1.0 EVO 80 Beats 5dr",12499,"2021",14660,"Petrol","Manual  ","Cinch"
"Ford EcoSport 1.0 EcoBoost 125 Zetec 5dr Auto",12799,"2021",14660,"Petrol","Manual  ","Cinch"
"Nissan Qashqai 1.3 DiG-T Acenta Premium 5dr",12349,"2021",14660,"Petrol","Manual  ","Cinch"
"Fiat 500 1.0 Mild Hybrid Dolcevita [Part Leather] 3dr",11199,"2021",14660,"Petrol","Manual  ","Cinch"
"BMW X4 xDrive20d MHT M Sport 5dr Step Auto",27499,"2021",14660,"Petrol","Manual  ","Cinch"
"Suzuki Swift 1.2 Dualjet 83 12V Hybrid SZ5 5dr",13249,"2021",14660,"Petrol","Manual  ","Cinch"
"Suzuki Swift 1.2 Dualjet 83 12V Hybrid SZ5 5dr",12199,"2021",14660,"Petrol","Manual  ","Cinch"
"Mercedes-Benz A-Class A220d AMG Line Executive 5dr Auto",22649,"2021",14660,"Petrol","Manual  ","Cinch"
"SEAT Leon 1.0 TSI EVO SE Dynamic 5dr",14549,"2021",14660,"Petrol","Manual  ","Cinch"
"Land Rover Range Rover Evoque 2.0 D150 R-Dynamic S 5dr 2WD",18849,"2021",14660,"Petrol","Manual  ","Cinch"
"Jaguar E-PACE 1.5 P300e R-Dynamic S 5dr Auto",28399,"2021",14660,"Petrol","Manual  ","Cinch"
"BMW 1 Series 118i [136] Sport 5dr",18899,"2021",14660,"Petrol","Manual  ","Cinch"
"Kia Sportage 1.6T GDi ISG 2 5dr",20599,"2021",14660,"Petrol","Manual  ","Cinch"
